{"Loss": 0.8235242366790771, "Acuracia": 0.7732564806938171}