{"recall": 0.9174379859311366, "precision": 0.84775915155662}