{"recall": 0.9317594983400959, "precision": 0.8361469712015889}