{"recall": 0.906811377245509, "precision": 0.8522687302145621}