{"recall": 0.7817504655493482, "precision": 0.9437949640287769}